{
  "total_cases": 50,
  "success_count": 50,
  "success_rate": 1.0,
  "total_time_ms": 133523.51890000864,
  "avg_latency_ms": 2670.470378000173,
  "p50_latency_ms": 2951.9854999998643,
  "p95_latency_ms": 5539.862300000095,
  "p99_latency_ms": 8022.119100001873,
  "tps": 0.37446586497951234,
  "error_summary": {},
  "generated_at": "2026-06-13T10:26:29.926097"
}